id,name,model_id:id,group_id:id,perm_read,perm_write,perm_create,perm_unlink
access_fp_alert_manager,alert.config manager,model_field_pass_alert_config,field_pass_tracker.group_fp_manager,1,1,1,1
access_fp_contract_viewer,contract viewer,model_field_pass_contract,field_pass_tracker.group_fp_viewer,1,0,0,0
access_fp_contract_admin,contract admin,model_field_pass_contract,field_pass_tracker.group_fp_admin,1,0,0,0
access_fp_contract_manager,contract manager,model_field_pass_contract,field_pass_tracker.group_fp_manager,1,1,1,1
access_fp_employee_viewer,employee viewer,model_field_pass_employee,field_pass_tracker.group_fp_viewer,1,0,0,0
access_fp_employee_admin,employee admin,model_field_pass_employee,field_pass_tracker.group_fp_admin,1,1,0,0
access_fp_employee_manager,employee manager,model_field_pass_employee,field_pass_tracker.group_fp_manager,1,1,1,1
access_fp_employee_hr,employee hr readonly,model_field_pass_employee,field_pass_tracker.group_fp_hr_viewer,1,0,0,0
access_fp_employee_ops_viewer,employee ops viewer,model_field_pass_employee,field_pass_tracker.group_fp_ops_viewer,1,0,0,0
access_fp_employee_ops_admin,employee ops admin,model_field_pass_employee,field_pass_tracker.group_fp_ops_admin,1,1,0,0
access_fp_employee_ops_manager,employee ops manager,model_field_pass_employee,field_pass_tracker.group_fp_ops_manager,1,1,1,1
access_fp_vehicle_viewer,vehicle viewer,model_field_pass_vehicle,field_pass_tracker.group_fp_viewer,1,0,0,0
access_fp_vehicle_admin,vehicle admin,model_field_pass_vehicle,field_pass_tracker.group_fp_admin,1,1,0,0
access_fp_vehicle_manager,vehicle manager,model_field_pass_vehicle,field_pass_tracker.group_fp_manager,1,1,1,1
access_fp_vehicle_ops_viewer,vehicle ops viewer,model_field_pass_vehicle,field_pass_tracker.group_fp_ops_viewer,1,0,0,0
access_fp_vehicle_ops_admin,vehicle ops admin,model_field_pass_vehicle,field_pass_tracker.group_fp_ops_admin,1,1,0,0
access_fp_vehicle_ops_manager,vehicle ops manager,model_field_pass_vehicle,field_pass_tracker.group_fp_ops_manager,1,1,1,1
access_fp_pass_viewer,field.pass viewer,model_field_pass,field_pass_tracker.group_fp_viewer,1,0,0,0
access_fp_pass_admin,field.pass admin,model_field_pass,field_pass_tracker.group_fp_admin,1,1,0,0
access_fp_pass_manager,field.pass manager,model_field_pass,field_pass_tracker.group_fp_manager,1,1,1,1
access_fp_pass_ops_viewer,field.pass ops viewer,model_field_pass,field_pass_tracker.group_fp_ops_viewer,1,0,0,0
access_fp_pass_ops_admin,field.pass ops admin,model_field_pass,field_pass_tracker.group_fp_ops_admin,1,1,0,0
access_fp_pass_ops_manager,field.pass ops manager,model_field_pass,field_pass_tracker.group_fp_ops_manager,1,1,1,1
access_fp_dashboard_viewer,dashboard viewer,model_field_pass_dashboard,field_pass_tracker.group_fp_viewer,1,1,1,0
access_fp_dashboard_admin,dashboard admin,model_field_pass_dashboard,field_pass_tracker.group_fp_admin,1,1,1,0
access_fp_dashboard_manager,dashboard manager,model_field_pass_dashboard,field_pass_tracker.group_fp_manager,1,1,1,1
access_fp_dashboard_hr_viewer,dashboard hr viewer,model_field_pass_dashboard,field_pass_tracker.group_fp_hr_viewer,1,1,1,0
access_fp_dashboard_ops_viewer,dashboard ops viewer,model_field_pass_dashboard,field_pass_tracker.group_fp_ops_viewer,1,1,1,0
access_fp_dashboard_dept_all,dashboard dept all,model_field_pass_dashboard_dept,field_pass_tracker.group_fp_viewer,1,1,1,1
access_fp_dashboard_dept_ops,dashboard dept ops,model_field_pass_dashboard_dept,field_pass_tracker.group_fp_ops_viewer,1,1,1,1
access_fp_dashboard_dept_hr,dashboard dept hr,model_field_pass_dashboard_dept,field_pass_tracker.group_fp_hr_viewer,1,1,1,1
access_fp_dashboard_company_all,dashboard company all,model_field_pass_dashboard_company,field_pass_tracker.group_fp_admin,1,1,1,1
access_fp_dashboard_company_hr,dashboard company hr,model_field_pass_dashboard_company,field_pass_tracker.group_fp_hr_manager,1,1,1,1
access_fp_lang_manager,language manager,model_field_pass_language,field_pass_tracker.group_fp_manager,1,1,1,1
access_fp_renewal_viewer,renewal viewer,model_field_pass_renewal,field_pass_tracker.group_fp_viewer,1,0,0,0
access_fp_renewal_admin,renewal admin,model_field_pass_renewal,field_pass_tracker.group_fp_admin,1,1,1,0
access_fp_renewal_manager,renewal manager,model_field_pass_renewal,field_pass_tracker.group_fp_manager,1,1,1,1
access_fp_renewal_ops,renewal ops,model_field_pass_renewal,field_pass_tracker.group_fp_ops_admin,1,1,1,0
access_fp_renewal_ops_viewer,renewal ops viewer,model_field_pass_renewal,field_pass_tracker.group_fp_ops_viewer,1,0,0,0
access_fp_renewal_ops_manager,renewal ops manager,model_field_pass_renewal,field_pass_tracker.group_fp_ops_manager,1,1,1,1
access_fp_renewal_hr,renewal hr readonly,model_field_pass_renewal,field_pass_tracker.group_fp_hr_viewer,1,0,0,0
access_fp_application_viewer,application viewer,model_field_pass_application,field_pass_tracker.group_fp_viewer,1,0,0,0
access_fp_application_admin,application admin,model_field_pass_application,field_pass_tracker.group_fp_admin,1,1,1,0
access_fp_application_manager,application manager,model_field_pass_application,field_pass_tracker.group_fp_manager,1,1,1,1
access_fp_application_ops,application ops,model_field_pass_application,field_pass_tracker.group_fp_ops_admin,1,1,1,0
access_fp_application_ops_viewer,application ops viewer,model_field_pass_application,field_pass_tracker.group_fp_ops_viewer,1,0,0,0
access_fp_application_ops_manager,application ops manager,model_field_pass_application,field_pass_tracker.group_fp_ops_manager,1,1,1,1
access_fp_application_hr,application hr readonly,model_field_pass_application,field_pass_tracker.group_fp_hr_viewer,1,0,0,0
access_fp_app_wizard_gro,app wizard gro,model_field_pass_application_wizard,field_pass_tracker.group_fp_admin,1,1,1,1
access_fp_app_wizard_ops,app wizard ops,model_field_pass_application_wizard,field_pass_tracker.group_fp_ops_admin,1,1,1,1
access_fp_renewal_wizard_gro,renewal wizard gro,model_field_pass_renewal_wizard,field_pass_tracker.group_fp_admin,1,1,1,1
access_fp_renewal_wizard_ops,renewal wizard ops,model_field_pass_renewal_wizard,field_pass_tracker.group_fp_ops_admin,1,1,1,1
access_fp_renewal_issue_wiz,renewal issue wiz,model_field_pass_renewal_issue_wizard,field_pass_tracker.group_fp_admin,1,1,1,1
access_fp_renewal_issue_wiz_ops,renewal issue wiz ops,model_field_pass_renewal_issue_wizard,field_pass_tracker.group_fp_ops_admin,1,1,1,1
access_fp_renewal_reject_wiz,renewal reject wiz,model_field_pass_renewal_reject_wizard,field_pass_tracker.group_fp_admin,1,1,1,1
access_fp_renewal_reject_wiz_ops,renewal reject wiz ops,model_field_pass_renewal_reject_wizard,field_pass_tracker.group_fp_ops_admin,1,1,1,1
access_fp_app_reject_wiz,app reject wiz,model_field_pass_application_reject_wizard,field_pass_tracker.group_fp_admin,1,1,1,1
access_fp_app_reject_wiz_ops,app reject wiz ops,model_field_pass_application_reject_wizard,field_pass_tracker.group_fp_ops_admin,1,1,1,1
access_fp_app_issue_wiz,app issue wiz,model_field_pass_application_issue_wizard,field_pass_tracker.group_fp_admin,1,1,1,1
access_fp_app_issue_wiz_ops,app issue wiz ops,model_field_pass_application_issue_wizard,field_pass_tracker.group_fp_ops_admin,1,1,1,1
access_fp_stat_line_viewer,stat line viewer,model_field_pass_stat_line,field_pass_tracker.group_fp_viewer,1,1,1,1
access_fp_stat_line_admin,stat line admin,model_field_pass_stat_line,field_pass_tracker.group_fp_admin,1,1,1,1
access_fp_stat_line_manager,stat line manager,model_field_pass_stat_line,field_pass_tracker.group_fp_manager,1,1,1,1
access_fp_stat_line_ops,stat line ops,model_field_pass_stat_line,field_pass_tracker.group_fp_ops_viewer,1,1,1,1
access_fp_stat_line_hr,stat line hr,model_field_pass_stat_line,field_pass_tracker.group_fp_hr_viewer,1,1,1,1
access_fp_alert_log_viewer,alert log viewer,model_field_pass_alert_log,field_pass_tracker.group_fp_viewer,1,0,0,0
access_fp_alert_log_admin,alert log admin,model_field_pass_alert_log,field_pass_tracker.group_fp_admin,1,1,1,0
access_fp_alert_log_manager,alert log manager,model_field_pass_alert_log,field_pass_tracker.group_fp_manager,1,1,1,1
access_fp_company_admin,company admin,model_field_pass_company,field_pass_tracker.group_fp_admin,1,1,0,0
access_fp_company_viewer,company viewer,model_field_pass_company,field_pass_tracker.group_fp_viewer,1,0,0,0
access_fp_company_manager,company manager,model_field_pass_company,field_pass_tracker.group_fp_manager,1,1,1,1
access_fp_company_hr_manager,company hr manager,model_field_pass_company,field_pass_tracker.group_fp_hr_manager,1,0,0,0
access_fp_company_hr_admin,company hr admin,model_field_pass_company,field_pass_tracker.group_fp_hr_admin,1,0,0,0
access_fp_company_document_admin,company document admin,model_field_pass_company_document,field_pass_tracker.group_fp_admin,1,1,1,0
access_fp_company_document_viewer,company document viewer,model_field_pass_company_document,field_pass_tracker.group_fp_viewer,1,0,0,0
access_fp_company_document_manager,company document manager,model_field_pass_company_document,field_pass_tracker.group_fp_manager,1,1,1,1
access_fp_company_document_hr_manager,company document hr manager,model_field_pass_company_document,field_pass_tracker.group_fp_hr_manager,1,0,0,0
access_fp_hr_residency_request_viewer,hr residency request viewer,model_field_pass_hr_residency_request,field_pass_tracker.group_fp_hr_viewer,1,0,0,0
access_fp_hr_residency_request_admin,hr residency request admin,model_field_pass_hr_residency_request,field_pass_tracker.group_fp_hr_admin,1,1,1,0
access_fp_hr_residency_request_manager,hr residency request manager,model_field_pass_hr_residency_request,field_pass_tracker.group_fp_hr_manager,1,1,1,1
access_fp_hr_residency_request_gro_readonly,hr residency request gro,model_field_pass_hr_residency_request,field_pass_tracker.group_fp_admin,1,1,0,0
access_fp_hr_residency_request_ops_readonly,hr residency request ops,model_field_pass_hr_residency_request,field_pass_tracker.group_fp_ops_manager,1,0,0,0
access_fp_hr_residency_request_log_viewer,hr residency request log viewer,model_field_pass_hr_residency_request_log,field_pass_tracker.group_fp_hr_viewer,1,0,0,0
access_fp_hr_residency_request_log_admin,hr residency request log admin,model_field_pass_hr_residency_request_log,field_pass_tracker.group_fp_hr_admin,1,1,1,0
access_fp_hr_residency_request_log_manager,hr residency request log manager,model_field_pass_hr_residency_request_log,field_pass_tracker.group_fp_hr_manager,1,1,1,1
access_fp_hr_residency_request_log_gro,hr residency request log gro,model_field_pass_hr_residency_request_log,field_pass_tracker.group_fp_admin,1,1,1,0
access_fp_hr_residency_check_wizard_admin,hr residency check wizard admin,model_field_pass_hr_residency_check_wizard,field_pass_tracker.group_fp_hr_admin,1,1,1,1
access_fp_hr_residency_check_wizard_manager,hr residency check wizard manager,model_field_pass_hr_residency_check_wizard,field_pass_tracker.group_fp_hr_manager,1,1,1,1
access_fp_hr_residency_check_wizard_gro,hr residency check wizard gro,model_field_pass_hr_residency_check_wizard,field_pass_tracker.group_fp_admin,1,1,1,1
access_fp_hr_residency_reject_wizard_admin,hr residency reject wizard admin,model_field_pass_hr_residency_reject_wizard,field_pass_tracker.group_fp_hr_admin,1,1,1,1
access_fp_hr_residency_reject_wizard_manager,hr residency reject wizard manager,model_field_pass_hr_residency_reject_wizard,field_pass_tracker.group_fp_hr_manager,1,1,1,1
access_fp_hr_residency_reject_wizard_gro,hr residency reject wizard gro,model_field_pass_hr_residency_reject_wizard,field_pass_tracker.group_fp_admin,1,1,1,1
access_fp_hr_visa_request_viewer,hr visa request viewer,model_field_pass_hr_visa_request,field_pass_tracker.group_fp_hr_viewer,1,0,0,0
access_fp_hr_visa_request_admin,hr visa request admin,model_field_pass_hr_visa_request,field_pass_tracker.group_fp_hr_admin,1,1,1,0
access_fp_hr_visa_request_manager,hr visa request manager,model_field_pass_hr_visa_request,field_pass_tracker.group_fp_hr_manager,1,1,1,1
access_fp_hr_visa_request_gro_readonly,hr visa request gro,model_field_pass_hr_visa_request,field_pass_tracker.group_fp_admin,1,1,0,0
access_fp_hr_visa_request_ops_readonly,hr visa request ops,model_field_pass_hr_visa_request,field_pass_tracker.group_fp_ops_manager,1,0,0,0
access_fp_hr_visa_request_log_viewer,hr visa request log viewer,model_field_pass_hr_visa_request_log,field_pass_tracker.group_fp_hr_viewer,1,0,0,0
access_fp_hr_visa_request_log_admin,hr visa request log admin,model_field_pass_hr_visa_request_log,field_pass_tracker.group_fp_hr_admin,1,1,1,0
access_fp_hr_visa_request_log_manager,hr visa request log manager,model_field_pass_hr_visa_request_log,field_pass_tracker.group_fp_hr_manager,1,1,1,1
access_fp_hr_visa_request_log_gro,hr visa request log gro,model_field_pass_hr_visa_request_log,field_pass_tracker.group_fp_admin,1,1,1,0
access_fp_hr_visa_reject_wizard_admin,hr visa reject wizard admin,model_field_pass_hr_visa_reject_wizard,field_pass_tracker.group_fp_hr_admin,1,1,1,1
access_fp_hr_visa_reject_wizard_manager,hr visa reject wizard manager,model_field_pass_hr_visa_reject_wizard,field_pass_tracker.group_fp_hr_manager,1,1,1,1
access_fp_hr_visa_reject_wizard_gro,hr visa reject wizard gro,model_field_pass_hr_visa_reject_wizard,field_pass_tracker.group_fp_admin,1,1,1,1
